phi, phidot, x, s
3.14159265358979,0.0,0.0,0.0
3.141960727604834,0.10018307820621974,0.0,-0.06633287114886066
3.143146210059719,0.20023569587699436,0.0,-0.13266574229772127
3.1451476724427576,0.30005887959370137,0.0,-0.19899861344658187
3.1479628779173447,0.3995535346941311,0.0,-0.26533148459544253
3.151588779973648,0.49862034860516535,0.0,-0.3316643557443034
3.1560215203124233,0.5971597003297107,0.0,-0.3979972268931643
3.161256426018574,0.6950715780900469,0.0,-0.4643300980420252
3.167288006098251,0.792255507078588,0.0,-0.5306629691908861
3.174109947468972,0.888610489202887,0.0,-0.596995840339747
3.17755228706707,0.881011020193281,-0.0244460180653403,-0.598927442600838
3.1850224386203987,0.9565750720305816,-0.024646312069671637,-0.6523800599721459
3.193105840773504,1.0311447040048862,-0.024848247146510728,-0.7058326773434538
3.201794080386099,1.104639501576607,-0.02505183674168679,-0.7592852947147617
3.2110780880787013,1.1769791161754468,-0.025257094411194995,-0.8127379120860696
3.2209481389822696,1.248083324740819,-0.025464033822099105,-0.8661905294573775
3.2313938540157308,1.3178721007046164,-0.02567266875344148,-0.9196431468286854
3.2424042017857295,1.3862656966505964,-0.025883013097160554,-0.9730957641999933
3.25396750120443,1.4531847387677412,-0.026095080859015844,-1.0265483815713012
3.266071424921722,1.5185503330921464,-0.02630888615952049,-1.0800009989426091
3.27129914089544,1.41578689860184,-0.0906767810416537,-1.02372625031884
3.2829688929390923,1.4460874178729537,-0.0914197247605925,-1.0552333944911336
3.294880501739489,1.474885958696247,-0.09216875565381304,-1.0867405386634272
3.3070215822967794,1.502149062211474,-0.09292392359547108,-1.1182476828357208
3.3193794822407248,1.5278448515899172,-0.09368527886835717,-1.1497548270080145
3.3319412950073852,1.5519431031040352,-0.0944528721672448,-1.181261971180308
3.3446938735895944,1.574415315379129,-0.09522675460226579,-1.2127691153526017
3.3576238448447335,1.59523477638174,-0.09600697770231363,-1.2442762595248953
3.3707176243397146,1.614376627703493,-0.09679359341847436,-1.275783403697189
3.383961431709487,1.6318179257075143,-0.0975866541274858,-1.3072905478694825
3.39184835131776,1.53766875674493,-0.184023590199365,-1.26327057404508
3.4043750278731233,1.5303840754088356,-0.18553135402715656,-1.279672294618034
3.416836583482555,1.5215619927484552,-0.1870514714437349,-1.2960740151909877
3.4292205057756306,1.511213132583989,-0.18858404366598375,-1.3124757357639416
3.4415143755233593,1.4993498605584643,-0.1901291727400888,-1.3288774563368955
3.453705880755416,1.4859862557527435,-0.19168696154833276,-1.3452791769098493
3.465782830632016,1.4711380786226915,-0.19325751381594547,-1.3616808974828032
3.4777331690411533,1.454822735463511,-0.19484093411801073,-1.378082618055757
3.4895449878936593,1.43705923962635,-0.19643732788642915,-1.394484338628711
3.5012065400904606,1.4178681697300939,-0.1980468014169386,-1.4108860592016648
3.50886615017734,1.3292673153149,-0.291783378955616,-1.37684425048308
3.5195871937729653,1.293620304109766,-0.2941740530200849,-1.383157265197725
3.5300127586669934,1.2567601032544824,-0.29658431463783735,-1.3894702799123702
3.540133084577636,1.2187258903515394,-0.2990143242959296,-1.3957832946270152
3.5499387342947406,1.1795577170699474,-0.3014642437963399,-1.4020963093416603
3.5594206005789317,1.1392964451707703,-0.30393423626674126,-1.4084093240563054
3.5685699125447314,1.0979836842686397,-0.30642446617136376,-1.4147223387709504
3.5773782415426836,1.0556617315634913,-0.30893509932194513,-1.4210353534855955
3.5858375065573767,1.0123735137493624,-0.3114663028887714,-1.4273483682002406
3.593939979139785,0.9681625312787181,-0.3140182454118083,-1.4336613829148857
3.59892735053624,0.877232093477993,-0.405236451915863,-1.40275603704298
3.6058844989715295,0.8215843409903454,-0.4085566831060022,-1.4016253796403162
3.6123847652572616,0.765234298620678,-0.4119041180067253,-1.4004947222376525
3.618422607132956,0.7082339027272728,-0.41527897950668885,-1.3993640648349888
3.6239929066473917,0.6506351766667134,-0.41868149232074725,-1.398233407432325
3.6290909707676438,0.592490203988049,-0.42211188300491503,-1.3971027500296613
3.6337125317836922,0.5338511055055465,-0.42557037997145225,-1.3959720926269976
3.637853747539455,0.47477002002989693,-0.42905721350407333,-1.394841435224334
3.641511201519239,0.4152990885099911,-0.43257261577328043,-1.3937107778216702
3.6446819028164468,0.35549044131217095,-0.4361168208518224,-1.3925801204190065
3.64485464257006,0.247986561350636,-0.517653548539571,-1.35146283023788
3.6466197663606277,0.17738393194520283,-0.5218948487716247,-1.3423348462795253
3.647808061933132,0.10666110601422353,-0.5261708993259918,-1.3332068623211706
3.6484187589840125,0.035875476029039406,-0.5304819849231199,-1.324078878362816
3.6484515554031534,-0.03491564732816255,-0.5348283926162621,-1.3149508944044612
3.6479066166947587,-0.10565501094939596,-0.5392104118105898,-1.3058229104461065
3.6467845755974375,-0.17628539477803262,-0.5436283342824633,-1.2966949264877519
3.645086531903824,-0.24674958757079649,-0.5480824541988593,-1.2875669425293972
3.642814052475244,-0.3169903635346129,-0.5525730681369581,-1.2784389585710425
3.63996917144213,-0.3869504604224172,-0.5571004751038914,-1.2693109746126878
3.63325532684493,-0.532169796616423,-0.621731188504401,-1.19843934890045
3.6285974398218386,-0.6174665774373927,-0.6268252299564843,-1.176962636591318
3.6232450124425672,-0.7022722431779471,-0.6319610085110252,-1.155485924282186
3.617202295485251,-0.7865209108831158,-0.6371388661333839,-1.134009211973054
3.6104740794826298,-0.8701461617435242,-0.642359147590752,-1.112532499663922
3.6030656992715095,-0.9530809949747163,-0.6476222004751082,-1.0910557873547901
3.5949830388865243,-1.0352577906196523,-0.6529283752263629,-1.0695790750456582
3.5862325367222376,-1.1166082821104402,-0.6582780251556926,-1.0481023627365262
3.5768211908810055,-1.1970635393796416,-0.6636715064690639,-1.0266256504273943
3.566756564617709,-1.2765539632591367,-0.6691091782909532,-1.0051489381182623
3.55075272948926,-1.4891438385973,-0.706584395138253,-0.880464213628933
3.538208528015886,-1.5945399790406318,-0.7123736659111861,-0.8383458988837632
3.5248081781341987,-1.6987682949470502,-0.718210370021613,-0.7962275841385934
3.51056155262361,-1.8017359092797265,-0.7240948961059603,-0.7541092693934236
3.495479291530965,-1.9033474697601727,-0.7300276359848762,-0.7119909546482538
3.4795728223694926,-2.003505156436495,-0.7360089846893205,-0.669872639903084
3.4628543801413585,-2.1021087207170743,-0.7420393404868676,-0.6277543251579142
3.4453370269218446,-2.1990555572318033,-0.7481191049082241,-0.5856360104127444
3.427034670732733,-2.294240809692108,-0.7542486827739661,-0.5435176956675746
3.4079620834236977,-2.387557511697482,-0.7604284822214933,-0.5013993809224048
3.38004386443635,-2.69322335519902,-0.754925004600012,-0.30388071818415
3.3575647982490437,-2.8271922248908776,-0.7611103453674546,-0.23068233384036335
3.3340001556896146,-2.9589389209783397,-0.7673463645998788,-0.15748394949657668
3.309368718049191,-3.0882876424156063,-0.7736334775220733,-0.08428556515279001
3.2836907269958977,-3.215055773503542,-0.7799721027608953,-0.011087180809003283
3.2569879388121667,-3.339054282248601,-0.7863626623731458,0.06211120353478345
3.2292836749904366,-3.4600882252801926,-0.7928055818736707,0.13530958787857014
3.200602868309237,-3.5779573613234903,-0.7993012902636948,0.2085079722223568
3.170972103499928,-3.692456873948309,-0.8058502200593861,0.2817063565661435
3.1404196516137017,-3.803378202860501,-0.8124528073206556,0.3549047409099302
3.10091170472716,-4.14551455767623,-0.742868124137741,0.599274289509791
3.0665037619718247,-4.2990370849929445,-0.7489546790472544,0.7067069067047945
3.0308595996708667,-4.447860852024603,-0.7550911030377835,0.814139523899798
2.9940188676350927,-4.591632523263728,-0.7612778047025763,0.9215721410948016
2.956024126920874,-4.729991849969992,-0.7675151959826161,1.0290047582898048
2.9169208978947894,-4.862573996154736,-0.7738036921940489,1.1364373754848072
2.8767576883789268,-4.989012114754676,-0.7801437120558382,1.2438699926798096
2.8355859999112965,-5.108940151844266,-0.7865356777176454,1.351302609874812
2.7934603103616618,-5.221995849904208,-0.7929800147879383,1.4587352270698144
2.7504380314048062,-5.3278239143450605,-0.7994771523623306,1.5661678442648168
2.70921909707112,-5.45095432989672,-0.648442010819761,1.71416548678072
2.664341868792682,-5.552771825821409,-0.6537549025380198,1.8297111090399032
2.618664537019895,-5.646069739865015,-0.6591113244686013,1.9452567312990865
2.572257916289914,-5.730507127950168,-0.6645116332683855,2.060802353558271
2.5251955209581256,-5.805766438148545,-0.6699561885164561,2.1763479758174564
2.477553360607641,-5.871557191820386,-0.6754453527380423,2.291893598076642
2.4294097061040762,-5.92761946185425,-0.6809794914286581,2.4074392203358275
2.3808448282224615,-5.973727074753342,-0.686558973078438,2.522984842595013
2.3319407113606747,-6.009690466577431,-0.6921841691966744,2.6385304648541985
2.2827807454062032,-6.035359128333647,-0.6978554543365525,2.754076087113384
2.24939290632373,-5.81478734341441,-0.471199152374872,2.62828454511908
2.202052856639973,-5.778713664899715,-0.4750598369581213,2.6955627345275706
2.155033935401411,-5.735410154851737,-0.4789521533585677,2.762840923936061
2.1083946391561708,-5.685023213130521,-0.48287636074575424,2.830119113344552
2.0621921876854863,-5.6277211722660025,-0.48683272041268233,2.8973973027530424
2.0164823511652683,-5.563692575175982,-0.4908214957932104,2.964675492161533
1.9713192920204903,-5.493144286439987,-0.494842952479594,3.0319536815700237
1.9267554227093673,-5.41629947056163,-0.49889735824017056,3.0992318709785143
1.8828412803966905,-5.333395471758682,-0.5029849830371891,3.166510060387005
1.8396254191923522,-5.244681630036551,-0.5071060990447844,3.2337882497954955
1.80645137740651,-5.03728011505744,-0.244648261929615,2.92221227078969
1.7657820630628762,-4.914323554515758,-0.24665274298266868,2.913719626515325
1.7261180721338074,-4.790970422171375,-0.24867364738678305,2.90522698224096
1.6874618968489938,-4.667420970603682,-0.25071110970369903,2.896734337966595
1.6498144464206563,-4.5438613764626385,-0.2527652655976646,2.88824169369223
1.613175161871687,-4.420463781838162,-0.2548362518444681,2.8797490494178652
1.5775421301351917,-4.297386439553254,-0.25692420634054547,2.8712564051435003
1.5429121966265182,-4.17477394898445,-0.25902926811216215,2.8627637608691354
1.5092810755967518,-4.05275756944461,-0.2611515773246698,2.8542711165947705
1.4766434576803742,-3.931455598766505,-0.26329127529183954,2.8457784723204056
1.44287125408064,-3.87043290642636,-0.0194218443498399,2.59583495991482
1.4116791938553779,-3.761235489862189,-0.01958097370031047,2.5390521420142087
1.3813666547978938,-3.65527524127232,-0.019741406848181788,2.4822693241135974
1.3519071920489247,-3.552555788896382,-0.01990315447588081,2.425486506212986
1.3232743609227793,-3.4530728274392652,-0.020066227353359018,2.3687036883123747
1.2954417782101062,-3.356815048349251,-0.02023063633880952,2.3119208704117633
1.268383176122509,-3.263765006041082,-0.020396392379390057,2.255138052511152
1.2420724493975752,-3.1738999213613757,-0.02056350651195192,2.1983552346105406
1.2164836960701124,-3.087192424160063,-0.020731989863774843,2.1415724167099293
1.1915912523984964,-3.0036112372652224,-0.020901853653307895,2.084789598809318
1.16406816840996,-2.96024269250528,0.166911375427124,1.9693289246208
1.1401617520822136,-2.8904191441722884,0.16827893343446051,1.9008105354626057
1.1168126368332725,-2.8240411036433493,0.16965769627968566,1.8322921463044115
1.0939928606813711,-2.7610637107738882,0.17104775576760148,1.7637737571462173
1.0716748283620576,-2.7014420382423565,0.17244920445519585,1.6952553679880231
1.0498313104785841,-2.6451314645339323,0.17386213565780573,1.626736978829829
1.0284354397552888,-2.592088007347666,0.1752866434553301,1.5582185896716347
1.0074607047043445,-2.5422686208451113,0.1767228226984946,1.4897002005134405
0.9868809409891166,-2.495631459948913,0.17817076901516707,1.4211818113552463
0.9666703207419709,-2.45213611468518,0.17963057881672476,1.3526634221970522
0.946167922472504,-2.3783133329624,0.301187194359894,1.32042863923206
0.9269156367898368,-2.3345924140843333,0.30365491687610996,1.2591669713125058
0.9080098841683227,-2.293688299322228,0.3061428582280901,1.1979053033929514
0.8894278045617143,-2.2555647330597575,0.3086511840751892,1.136643635473397
0.8711468277906136,-2.220187143521884,0.3111800614340617,1.0753819675538427
0.8531446593350219,-2.1875227655359883,0.3137296586897827,1.0141202996342884
0.8353992651820417,-2.157540747990553,0.3163001456070599,0.9528586317147341
0.8178888558479906,-2.130212247503297,0.31889169334153705,0.8915969637951797
0.8005918696823869,-2.1055105096669555,0.3215044744511908,0.8303352958756254
0.7834869555505976,-2.083410939104,0.32413866290782006,0.769073627956071
0.767783564185385,-1.99210344507202,0.386596935782796,0.772110025629038
0.7516377341356941,-1.9608719787563373,0.38976444748646866,0.7237079708279869
0.7357386452569975,-1.9318702748146317,0.3929579116213798,0.6753059160269358
0.7200681950251483,-1.9050715158224216,0.39617754082405615,0.6269038612258847
0.7046084937471873,-1.8804505505794358,0.3994235494732232,0.5785018064248336
0.6893418507808762,-1.8579839414692392,0.4026961537040797,0.5300997516237825
0.6742507603921912,-1.8376500052632012,0.40599557142268855,0.48169769682273145
0.6593178873017297,-1.8194288480517151,0.40932202232048653,0.43329564202168036
0.6445260519656845,-1.8033023949124545,0.41267572788891227,0.3848935872206293
0.6298582156323183,-1.789254414856373,0.4160569114341543,0.3364915324195782
0.617195374316249,-1.6973072067218,0.432459137600739,0.351513918910561
0.6034361772298895,-1.671402894881973,0.4360024129165065,0.3157967523679162
0.5898818532352016,-1.6472885009090417,0.43957471941434817,0.2800795858252714
0.5765178735286839,-1.6249417475109993,0.44317629495597605,0.24436241928262664
0.5633298860296297,-1.604341758787365,0.4468073793519786,0.20864525273998186
0.5503037038607246,-1.58546908123569,0.4504682143777893,0.17292808619733707
0.5374252936692661,-1.5683057015350383,0.45415904378978394,0.1372109196546923
0.524680763813917,-1.5528350614808117,0.4578801133415125,0.1014937531120476
0.5120563524389888,-1.539042070405451,0.46163167080006173,0.06577658656940295
0.4995384154556637,-1.5269131153821855,0.4654139659625529,0.030059420026758238
0.488989768337631,-1.44373013975435,0.448749835672574,0.0476081838494135
0.4772909311897706,-1.4203938596062449,0.4524265858610769,0.0225442033798283
0.4657772193193292,-1.3985169487257947,0.4561334608337559,-0.0025197770897569167
0.4544367946297205,-1.3780791708373092,0.45987070741255287,-0.02758375755934213
0.44325797992793375,-1.3590614592898895,0.4636385744417004,-0.05264773802892733
0.4322292493456164,-1.341445925157447,0.4674373128042914,-0.07771171849851258
0.4213392187003148,-1.3252158636735407,0.4712671754389832,-0.10277569896809785
0.41057663580960163,-1.3103557592322774,0.4751284173568406,-0.1278396794376831
0.39993037076901594,-1.2968512891630353,0.47902129565831486,-0.15290365990726823
0.3893894062031285,-1.2846893264649264,0.4829460695503631,-0.17796764037685336
0.380516609234762,-1.21386225826594,0.444107779658706,-0.161338556189186
0.37068706547104097,-1.192432151028213,0.4477464960052613,-0.17806392372732086
0.3610280493440647,-1.1721995338185511,0.4514150255126238,-0.19478929126545572
0.3515298555742595,-1.1531454914701034,0.4551136124495061,-0.21151465880359058
0.3421829296639044,-1.1352520964265929,0.4588425030859919,-0.22824002634172544
0.33297785983450573,-1.118502408717898,0.4626019457099342,-0.2449653938798603
0.32390536896739736,-1.1028804751399073,0.46639219064348747,-0.26169076141799535
0.31495630655351686,-1.0883713277842189,0.47021349025977505,-0.2784161289561305
0.30612164065717423,-1.074960982048896,0.47406609899969376,-0.29514149649426563
0.29739244989760816,-1.062636434248259,0.47795027338885554,-0.31186686403240077
0.289965571739634,-1.0046381603647,0.425390119911818,-0.297244107609576
0.2818364640465925,-0.98521394066552,0.4288754765164147,-0.3076998503555194
0.2738623104633013,-0.9667694131655659,0.43238938975665614,-0.3181555931014628
0.2660351784152019,-0.9492870608825781,0.4359320936061445,-0.3286113358474062
0.25834727524930934,-0.9327502027568834,0.43950382395550197,-0.3390670785933496
0.25079094142963876,-0.9171429883439017,0.44310481862807755,-0.349522821339293
0.24335864377700767,-0.9024503922380911,0.4467353173957831,-0.35997856408523643
0.23604296875507746,-0.8886582083157876,0.45039556199505765,-0.37043430683117984
0.2288366158038186,-0.8757530438757265,0.45408579614296385,-0.38089004957712325
0.2217323907209691,-0.8637223137480982,0.4578062655534159,-0.39134579232306665
0.215594115174916,-0.817462525470886,0.397794613816139,-0.378845791734568
0.2089846865108584,-0.8002595180432479,0.4010538716588563,-0.3847103858136227
0.2025127636285197,-0.7838503189696209,0.4043398336381214,-0.3905749798926774
0.19617192509962122,-0.7682190943363999,0.40765271854942187,-0.39643957397173213
0.18995587617368828,-0.753350710668544,0.4109927469809062,-0.40230416805078684
0.1838584430906918,-0.7392307266276292,0.41436014132807203,-0.40816876212984154
0.17787356746134328,-0.725845384751267,0.4177551258085738,-0.41403335620889625
0.17199530071452493,-0.7131816032819497,0.4211779264771527,-0.41989795028795096
0.16621779861096406,-0.7012269681283788,0.4246287712406883,-0.42576254436700567
0.16053531582192557,-0.6899697249978021,0.42810788987337384,-0.4316271384460604
0.155540576286335,-0.653849177299343,0.36514450326873,-0.421081916676941
0.1502580819050526,-0.6389809992470764,0.36813624836700276,-0.4236645475863606
0.1450946200272887,-0.6247473189595079,0.37115250578478987,-0.42624717849578014
0.14004506260344976,-0.6111342169936808,0.37419347635932454,-0.4288298094051997
0.13510439308860497,-0.5981283501992091,0.3772593625733634,-0.4314124403146193
0.13026770177302585,-0.5857169422334668,0.38035036856866844,-0.43399507122403885
0.12553018118943332,-0.5738877742771805,0.38346670015960055,-0.4365777021334584
0.12088712159522963,-0.5626291759733499,0.3866085648468228,-0.439160333042878
0.11633390652781662,-0.5519300166097347,0.38977617183111724,-0.44174296395229756
0.11186600843094452,-0.5417796965627355,0.3929697320273145,-0.44432559486171713
0.107869480854045,-0.514092660791765,0.330183047185302,-0.435473757367037
0.10371930492723344,-0.5015272773104363,0.3328883419497212,-0.4357694945956364
0.09966986161062742,-0.4894610852108689,0.3356158020549259,-0.43606523182423584
0.09571711996823683,-0.47788216656248506,0.3383656091086056,-0.4363609690528353
0.0918571446432982,-0.46677906718779477,0.34113794620641946,-0.4366567062814347
0.08808609210725858,-0.4561407872565407,0.343932997944188,-0.43695244351003415
0.0844002069845974,-0.44595677213861445,0.3467509504301837,-0.4372481807386336
0.08079581845134237,-0.436216903523977,0.34959199129752344,-0.437543917967233
0.07726933670507405,-0.42691149081651586,0.35245630971666186,-0.43783965519583246
0.07381724950416066,-0.4180312628076097,0.3553440964079874,-0.4381353924244319
0.0706748035914206,-0.397176932142522,0.294828686833845,-0.430708071243674
0.06747105823009125,-0.38676390632326635,0.29724431207472723,-0.4294591967904016
0.06435089246089659,-0.37673685368523163,0.2996797293018203,-0.42821032233712925
0.06131119235804227,-0.3670858034705414,0.3021351006771648,-0.42696144788385687
0.058348924044902585,-0.3578011494012678,0.30461058969144644,-0.4257125734305845
0.055461130750379076,-0.3488736410956434,0.307106361174882,-0.4244636989773121
0.05264492993438717,-0.340294375741287,0.309622581308195,-0.42321482452403975
0.04989751048037067,-0.3320547900259839,0.3121594176336802,-0.42196595007076737
0.047216129952741055,-0.32414665232601747,0.3147170390663597,-0.420717075617495
0.04459811191714074,-0.3165620551515721,0.3172956159052304,-0.4194682011642226
0.0421715011853565,-0.301153976806048,0.260382049963984,-0.413234532067905
0.03974445537944136,-0.29267316524339143,0.26251544294863666,-0.41098869868602356
0.0373855595081652,-0.28448515004562697,0.26466631550082326,-0.4087428653041421
0.035092453620237565,-0.2765817557554723,0.26683481083620225,-0.40649703192226067
0.03286284347074747,-0.26895508648134886,0.26902107334384356,-0.4042511985403792
0.03069449826639192,-0.26159751848066565,0.27122524859584296,-0.4020053651584978
0.028585248470420817,-0.2545016929680272,0.2734474833570144,-0.39975953177661633
0.026532983665472888,-0.2476605091454586,0.27568792559466265,-0.3975136983947349
0.02453565047250128,-0.24106711745156945,0.27794672448843605,-0.39526786501285344
0.022591250524013364,-0.23471491302644684,0.28022403044025884,-0.393022031630972
0.0207533156677928,-0.223591568374265,0.227687194722802,-0.387789421341066
0.018953198481323815,-0.216793785322062,0.2295527083554969,-0.3849462325775793
0.017207770372823734,-0.2102133778733595,0.2314335067349603,-0.38210304381409266
0.015515281177182457,-0.20384376185861983,0.23332971509398578,-0.379259855050606
0.013874033705661645,-0.19767856210336981,0.23524145969143928,-0.37641666628711934
0.012282382062583379,-0.19171160626316505,0.23716886782066543,-0.3735734775236327
0.01073873001167541,-0.18593691884026506,0.23911206781796399,-0.370730288760146
0.009241529390604429,-0.18034871537799274,0.24107118907113476,-0.36788709999665936
0.0077892785722617035,-0.17494139682875076,0.243046362028093,-0.3650439112331727
0.006380520971398228,-0.16970954409167724,0.24503771820555523,-0.36220072246968604
0.0050184270549032,-0.161913202641529,0.197254722127964,-0.357806157232462
0.0037165056154042477,-0.1565473603629783,0.19887089282957573,-0.35465269317422776
0.00245780553108235,-0.15133882838646598,0.2005003053319848,-0.3514992291159935
0.0012410618973351774,-0.1462823917031208,0.20214306812947838,-0.34834576505775927
6.505181995020066e-05,-0.1413729871256838,0.20379929060527205,-0.345192300999525
-0.0010714068058787142,-0.13660569831166905,0.20546908303879266,-0.3420388369412908
-0.0021694564764178303,-0.13197575092472402,0.2071525566130217,-0.33888537288305653
-0.003230201221256633,-0.12747850793019389,0.20884982342189812,-0.3357319088248223
-0.004254707707248529,-0.12310946502095262,0.21056099647778215,-0.33257844476658804
-0.005244006305578263,-0.1188642461696223,0.21228618971898022,-0.3294249807083538
-0.0062276649745755,-0.113616052080701,0.169355300625668,-0.325729669573788
-0.007139747144257903,-0.10944556078704559,0.1707428824897731,-0.32246783610028784
-0.008018192220456192,-0.10538530854600868,0.17214183325359655,-0.31920600262678767
-0.00886388511221936,-0.10143123149112707,0.17355224606615124,-0.3159441691532875
-0.009677677948231574,-0.09757937229799278,0.17497421483964942,-0.3126823356797873
-0.010460390932063987,-0.09382587626126454,0.17640783425575604,-0.30942050220628714
-0.01121281316577038,-0.0901669874712624,0.17785319977189298,-0.30615866873278696
-0.011935703442626651,-0.08659904508666434,0.17931040762759526,-0.3028968352592868
-0.012629791009786099,-0.08311847969988968,0.18077955485091896,-0.2996350017857866
-0.013295776301594786,-0.07972180979181774,0.18226073926490186,-0.29637316831228644
-0.0139832502078752,-0.0763957861351405,0.144090474667396,-0.293258566403889
-0.01459512521929527,-0.07320719652238712,0.14527105377357175,-0.2900261792434095
-0.0151812447321868,-0.07009256494397846,0.1464613057400053,-0.28679379208293004
-0.01574220099747296,-0.06704877745205286,0.14766130981951847,-0.2835614049224506
-0.016278561110554583,-0.0640727915293221,0.14887114591427672,-0.2803290177619711
-0.01679086758324965,-0.06116163306176047,0.15009089458110936,-0.27709663060149164
-0.017279638891270578,-0.058312393379003666,0.15132063703687332,-0.2738642434410122
-0.017745369997781795,-0.055522226359630326,0.15256045516386127,-0.2706318562805327
-0.018188532853556934,-0.05278834559855214,0.15381043151525334,-0.26739946912005325
-0.018609576874232668,-0.050108021633790446,0.1550706493206144,-0.2641670819595738
-0.0190690200350534,-0.0482055746307269,0.121445990920836,-0.26153128538682
-0.019453709743799848,-0.04581190334441202,0.12244103656657283,-0.25841821634388573
-0.01981903164987107,-0.0434647215824529,0.1234442349378924,-0.25530514730095144
-0.02016535662314721,-0.04116168673307979,0.12445565283266946,-0.25219207825801715
-0.020493036576149745,-0.03890050095063033,0.12547535759607503,-0.24907900921508286
-0.020802404821044347,-0.03667890886744919,0.12650341712506047,-0.24596594017214857
-0.021093776408123634,-0.03449469534845128,0.12753989987287861,-0.24285287112921428
-0.021367448446109865,-0.032345683286153476,0.1285848748536414,-0.23973980208627999
-0.02162370040460013,-0.030229731434017033,0.12963841164691545,-0.2366267330433457
-0.021862794398958867,-0.028144732275978142,0.13070058040235497,-0.2335136640004114
-0.0221497355559898,-0.0272719556322158,0.101331707442986,-0.231268659820506
-0.022365883195197795,-0.025512746699824115,0.1021619503641537,-0.22832920375017743
-0.022567767024480424,-0.02377964615300213,0.1029989957297442,-0.22538974767984885
-0.02275559381688942,-0.0220709283092465,0.10384289927434912,-0.22245029160952026
-0.022929556351108746,-0.020384892445768483,0.10469371718921124,-0.21951083553919168
-0.023089833608976842,-0.01871986110792052,0.10555150612596612,-0.2165713794688631
-0.023236590959288445,-0.01707417844134296,0.1064163232004142,-0.2136319233985345
-0.02336998032806342,-0.015446208546185086,0.10728822599632387,-0.21069246732820593
-0.023490140355456872,-0.013834333851776312,0.10816727256926557,-0.20775301125787735
-0.02359719653947161,-0.012236953510143266,0.1090535214504776,-0.20481355518754876
-0.0237561493564315,-0.0120851824786052,0.0836112236202743,-0.202883193835931
-0.023850165659259903,-0.010824741654474865,0.08429627697911522,-0.20014555670934464
-0.02393393514592214,-0.009575641009836445,0.0849869431980979,-0.19740791958275827
-0.024007545826950943,-0.008336640626353344,0.08568326826517134,-0.1946702824561719
-0.024071075630900197,-0.007106511196521214,0.08638529854507851,-0.19193264532958554
-0.024124592486476918,-0.00588403280411848,0.08709308078244349,-0.18919500820299917
-0.024168154394754855,-0.004667993714533258,0.0878066621048839,-0.1864573710764128
-0.02420180949154589,-0.0034571891737706206,0.08852609002614895,-0.18371973394982644
-0.024225596099995715,-0.002250420214953176,0.08925141244928307,-0.18098209682324007
-0.024239542773460708,-0.001046492471135688,0.08998267766981563,-0.1782444596966537
-0.0243055582978085,-0.0013753365851314,0.0681236420490828,-0.176562554658261
-0.024313568858104824,-0.0004999375980765614,0.06868180072421654,-0.17403606394931345
-0.02431443734729893,0.0003745193440968141,0.06924453257097254,-0.1715095732403659
-0.02430816827956379,0.0012488986427764285,0.06981187505880108,-0.16898308253141833
-0.024294759115217064,0.002124064180096219,0.07038386596415147,-0.16645659182247077
-0.02427420026182388,0.0030008801725397915,0.07096054337298752,-0.1639301011135232
-0.02424647506833237,0.003880212024435673,0.07154194568332344,-0.16140361040457565
-0.024211559812239745,0.004762927182186307,0.07212811160778064,-0.1588771196956281
-0.0241694236797799,0.00564989599007299,0.0727190801761653,-0.15635062898668053
-0.024120028739116516,0.006541992548480049,0.07331489073806723,-0.15382413827773297
-0.0241200952751508,0.005919180640246,0.0546993437545456,-0.1523327535579
-0.024069628819059545,0.006504606894343182,0.05514751288236062,-0.1500132840467755
-0.0240143612584514,0.0070961592732100886,0.0555993540024399,-0.147693814535651
-0.023954240453014794,0.007694419025322903,0.05605489720058442,-0.1453743450245265
-0.023889209494693354,0.008299973727206266,0.05651417280909772,-0.143054875513402
-0.023819206653912437,0.008913417860588435,0.05697721140880553,-0.14073540600227752
-0.023744165321070543,0.009535353396076886,0.05744404383109203,-0.13841593649115302
-0.023664013943240452,0.010166390383926926,0.057914701159952744,-0.13609646698002853
-0.023578675956019896,0.010807147552482623,0.05838921473406426,-0.13377699746890404
-0.023488069710467113,0.011458252914876545,0.05886761614887091,-0.13145752795777954
-0.0234423262875753,0.010686159555353,0.0431712383118229,-0.130105829788806
-0.023353720830011464,0.011061447065021168,0.04352495400369164,-0.12797991454611182
-0.0232620126169722,0.011447469255695899,0.04388156780077037,-0.12585399930341765
-0.023167112644965654,0.011844601951927354,0.04424110344815724,-0.12372808406072339
-0.023068928803185472,0.012253231760678655,0.04460358488550149,-0.12160216881802907
-0.02296736578411582,0.012673756447659052,0.04496903624859756,-0.11947625357533476
-0.022862324991024804,0.013106585324482535,0.045337481870992104,-0.11735033833264044
-0.022753704442256453,0.013552139647028325,0.04570894628560428,-0.11522442308994613
-0.022641398672228554,0.014010853025390459,0.04608345422635924,-0.11309850784725181
-0.022525298629040142,0.014483171845814947,0.0464610306298351,-0.1109725926045575
-0.0224480643821858,0.0136732571266892,0.0333825652857452,-0.109716659350098
-0.02233559942360625,0.01390617776963133,0.03365607926491605,-0.10776474050505055
-0.02222118320538984,0.014152715355896656,0.033931834231145916,-0.10581282166000311
-0.022104703708913036,0.01441310643532023,0.03420984854555482,-0.10386090281495566
-0.02198604693486837,0.014687601120408135,0.03449014071970126,-0.10190898396990822
-0.021865096791675864,0.014976463326411033,0.03477272941681486,-0.09995706512486077
-0.021741734981885235,0.015279971024904849,0.03505763345303901,-0.09800514627981333
-0.021615840886457686,0.015598416511121814,0.03534487179868372,-0.09605322743476588
-0.021487291446814136,0.01593210668528845,0.03563446357948884,-0.09410130858971844
-0.021355961044534556,0.01628136334824077,0.03592642807789744,-0.09214938974467099
-0.0212565980923195,0.0155176669750368,0.0251919630858549,-0.0909530945472124
-0.021129386555422833,0.015666579575244196,0.025398368855086777,-0.08915230043168268
-0.021000902939660653,0.01583089033797765,0.0256064657724609,-0.08735150631615296
-0.02087102098876826,0.016010753673236622,0.025816267694092097,-0.08555071220062324
-0.02073961312995432,0.01620633927340065,0.026027788589622756,-0.08374991808509352
-0.020606550348570042,0.016417832272985593,0.026241042543152973,-0.0819491239695638
-0.020471702061418635,0.01664543342356709,0.026456043754178375,-0.08014832985403408
-0.020334935988580567,0.016889359284035812,0.02667280653853556,-0.07834753573850436
-0.0201961180236289,0.01714984242636438,0.026891345329355356,-0.07654674162297465
-0.02005511210210734,0.017427131657080694,0.02711167467802379,-0.07474594750744493
-0.0199387521000142,0.0167695598364429,0.0184762118702269,-0.0735828102356732
-0.019801443496582083,0.016885360910962783,0.01862759335290725,-0.07190954748889503
-0.019663128608005863,0.0170177803575163,0.0187802151522423,-0.07023628474211685
-0.019523671335963427,0.01716694045713094,0.018934087430541063,-0.06856302199533867
-0.019382934523492934,0.01733297996256473,0.019089220433375558,-0.0668897592485605
-0.019240779820068284,0.017516054226890728,0.019245624490263055,-0.06521649650178232
-0.01909706754556507,0.01771633534840766,0.019403310015353843,-0.06354323375500415
-0.018951656552983222,0.017934012332011248,0.01956228750812464,-0.06186997100822597
-0.018804404089791338,0.018169291267176774,0.019722567554077745,-0.060196708261447796
-0.018655165657756715,0.01842239552271986,0.01988416082544582,-0.05852344551466962
-0.0185233610294074,0.0179075213934243,0.0131308092616461,-0.0573795536745573
-0.018376721864588972,0.018034711113447493,0.013238394159934911,-0.055812165109112244
-0.018228979306657244,0.01817964810943601,0.01334686053552715,-0.05424477654366719
-0.01807998799922028,0.01834246644364799,0.013456215610646841,-0.052677387978222134
-0.01792960142696643,0.018523317770129846,0.013566466666691977,-0.05110999941277708
-0.017777671771552532,0.018722371475458664,0.013677621044719368,-0.049542610847332025
-0.017624049766279317,0.01893981483692145,0.013789686145933436,-0.04797522228188697
-0.01746858454941104,0.01917585319827816,0.01390266943217903,-0.046407833716441915
-0.017311123515995203,0.01943071016327258,0.014016578426438263,-0.04484044515099686
-0.01715151216803689,0.019704627807072803,0.014131420713331438,-0.043273056585551806
-0.0170029237687329,0.0193431914930997,0.0090683114381679,-0.0421516430006565
-0.016844384727233194,0.0195196738292782,0.009142610999168773,-0.04067344943132132
-0.016684334643198066,0.01971534444639292,0.009217519320113832,-0.03919525586198614
-0.016522616216548342,0.019930386771186626,0.009293041388766991,-0.03771706229265096
-0.016359070580030284,0.020165003268309497,0.009369182233758511,-0.03623886872331578
-0.016193537143118164,0.020419415630480078,0.009445946924919813,-0.034760675153980604
-0.01602585343429532,0.020693864987532458,0.009523340573621066,-0.033282481584645425
-0.015855854941558715,0.02098861213454581,0.009601368333111518,-0.031804288015310246
-0.015683374950990474,0.021303937779271233,0.009680035398862627,-0.03032609444597509
-0.015508244383238055,0.021640142809089685,0.009759347008914005,-0.028847900876639947
-0.0153395824516884,0.0214086707744901,0.0062140723540658,-0.0277772145598458
-0.015163896401409306,0.021663369673949932,0.006264986226078565,-0.02638052244101879
-0.014986053229096095,0.021939333621331093,0.006316317251644689,-0.024983830322191782
-0.014805878395475718,0.02223682427296459,0.006368068848635966,-0.023587138203364773
-0.014623195147875145,0.022556124410621516,0.006420244462927902,-0.022190446084537765
-0.014437824346796992,0.022897538209881965,0.006472847568629157,-0.020793753965710756
-0.01424958429022749,0.02326139152948452,0.006525881668312869,-0.019397061846883747
-0.014058290535504525,0.023648032221930366,0.00657935029324987,-0.01800036972805674
-0.01386375571857117,0.0240578304656367,0.00663325700364382,-0.01660367760922973
-0.013665789370437682,0.0244911791189554,0.006687605388868257,-0.015206985490402721
-0.0134734102984199,0.0243125469805888,0.0044984881445587,-0.0142545985730776
-0.0132736843567186,0.024658905745289506,0.0045353456892722145,-0.012946767494550968
-0.013071042416421175,0.025029440618127646,0.004572505219577034,-0.011638936416024336
-0.012865285838851938,0.02542450515228212,0.004609969209737193,-0.010331105337497704
-0.012656213011100384,0.025844476943921918,0.004647740154289162,-0.009023274258971072
-0.012443619148443821,0.026289757992638354,0.004685820568207942,-0.007715443180444439
-0.01222729609374014,0.026760775085774922,0.0047242129870745195,-0.006407612101917798
-0.012007032113594352,0.027257980207020527,0.00476291996724471,-0.005099781023391157
-0.011782611691099351,0.027781850969655044,0.004801944086019361,-0.003791949944864517
-0.011553815314948186,0.028332891074860526,0.004841287941815967,-0.0024841188663378808
-0.0113367256900428,0.0280362259246508,0.0038438779034521,-0.0017833523340342
-0.01110632847192744,0.028457819501640755,0.0038753720181739864,-0.0005969341647521517
-0.010872387505298002,0.028907301799830146,0.0039071241741987,0.0005894840045298964
-0.010634673567541395,0.02938510242024439,0.0039391364857407395,0.0017759021738119446
-0.010392953827465943,0.029891678707890487,0.003971411084337035,0.002962320343093993
-0.010146991617232383,0.030427516188932434,0.0040039501189888796,0.004148738512376041
-0.009896546200615065,0.030993129035443833,0.004036755756305012,0.005335156681658089
-0.009641372537366633,0.03158906055817966,0.0040698301806458915,0.006521574850940137
-0.009381221043455757,0.03221588372783641,0.004103175594269136,0.007707993020222186
-0.009115837346943545,0.03287420172529734,0.00413679421747616,0.008894411189504233
-0.0088814979289801,0.0321168542213828,0.0041423498922323,0.0090959160591477
-0.00861779357582664,0.03253806592158982,0.004176289482927155,0.010085351568502068
-0.008350533791853581,0.032991195054672164,0.004210507151487594,0.011074787077856436
-0.008079456464113734,0.033476672737986705,0.00424500517629405,0.012064222587210804
-0.00780429584409333,0.033994961810222414,0.0042797858543944505,0.013053658096565172
-0.00752478228716541,0.034546557271862635,0.004314851501657169,0.01404309360591954
-0.007240641988332202,0.03513198675714235,0.004350204452925225,0.015032529115273908
-0.00695159671399776,0.035751811037946966,0.0043858470621717495,0.016021964624628276
-0.006657363529508391,0.03640662456012981,0.004421781702656724,0.017011400133982644
-0.006357654522194364,0.03709705601275661,0.004458010767085004,0.018000835643337012
-0.0061331221872811,0.0352183514502438,0.0052178199737216,0.0172531009373399
-0.005844807742142265,0.03544732297287604,0.0052605712329910365,0.017895102403623978
-0.00555449613542134,0.035711181990607035,0.005303672766930418,0.018537103869908055
-0.00526190170295115,0.0360101711861482,0.005347127445451566,0.01917910533619213
-0.004966736672673344,0.036344567805897045,0.0053909381619804035,0.01982110680247621
-0.00466871088156903,0.03671468391576787,0.005435107833649614,0.020463108268760286
-0.004367531490375467,0.03712086669123894,0.005479639401492874,0.021105109735044363
-0.004062902695808557,0.03756349874188236,0.00552453583064069,0.02174711120132844
-0.003754525440008536,0.038042998470676416,0.005569800110517819,0.022389112667612517
-0.003442097116923762,0.038559820468434286,0.005615435255042334,0.023031114133896594
-0.0032949744152692,0.0343162689640467,0.0067598332548578,0.0205262244504989
-0.003016254747582799,0.033937795072294,0.006815218719582921,0.020538847686846638
-0.002740500590360575,0.033593027794133846,0.00687105797504328,0.020551470923194374
-0.002467438123916174,0.03328160945052902,0.006927354739290763,0.02056409415954211
-0.0021967963265206478,0.033003215473741986,0.006984112760840433,0.020576717395889847
-0.0019283067053669006,0.032757554070115415,0.00704133581892013,0.020589340632237583
-0.0016617030301673103,0.032544365915359204,0.007099027723722112,0.02060196386858532
-0.0013967210691203512,0.032363423882028265,0.0071571923166567535,0.020614587104933055
-0.0011330983269845015,0.032214532798907174,0.007215833470608331,0.020627210341280792
-0.0008705737849999125,0.03209752924204912,0.007274955090192885,0.020639833577628528
-0.0006088876424002775,0.032012281357247825,0.007334561112018226,0.020652456813976264
0.0,0.0,0.0,0.0
0.0,0.0,0.0,0.0
0.0,0.0,0.0,0.0
0.0,0.0,0.0,0.0
0.0,0.0,0.0,0.0
0.0,0.0,0.0,0.0
0.0,0.0,0.0,0.0
0.0,0.0,0.0,0.0
0.0,0.0,0.0,0.0
0.0,0.0,0.0,0.0
0.0,0.0,0.0,0.0
0.0,0.0,0.0,0.0
0.0,0.0,0.0,0.0
0.0,0.0,0.0,0.0
0.0,0.0,0.0,0.0
0.0,0.0,0.0,0.0
0.0,0.0,0.0,0.0
0.0,0.0,0.0,0.0
0.0,0.0,0.0,0.0
